Exodus Garden 2A	Perdition (chest)
Veles Labyrinth (legs)	Exodus Garden 2A (head)
Concealed Void (arms)	Veles Labyrinth (legs)
Bunker E15 (chest)	Concealed Void (arms)
Perdition (head)	Bunker E15 (chest)
Nov-16	Exodus Garden 2A (legs)	Perdition (head)
Veles Labyrinth (unavailable)	Exodus Garden 2A (legs)
Concealed Void (chest)	Veles Labyrinth (unavailable)
Bunker E15 (arms)	Concealed Void (legs)
Perdition (legs)	Bunker E15 (head)
Exodus Garden 2A (arms)	Perdition (legs)
Veles Labyrinth (unavailabe)	Exodus Garden 2A (arms)
Concealed Void (head)	Veles Labyrinth (unavailable)
Bunker E15 (legs)	Concealed Void (head)
Perdition (arms)	Bunker E15 (legs)
Exodus Garden 2A (chest)	Perdition (arms)
Veles Labyrinth (head)	Exodus Garden 2A (hcest)
Concealed Void (legs)	Veles Labyrinth (head)
Bunker E15 (arms)	Concealed Void (legs)
Perdition (chest)	Bunker E15 (arms)
Exodus Garden 2A (head)	Perdition (chest)
Veles Labyrinth (legs)	Exodus Garden 2A (head)
Concealed Void (arms)	Veles Labyrinth (legs)
Dec-04	Bunker E15 (chest)	Concealed Void (arms)
Perdition (head)	Bunker E15 (chest)
Exodus Garden 2A (legs)	Perdition (head)
Veles Labyrinth (arms)	Exodus Garden 2A (legs)
Concealed Void (chest)	Veles Labyrinth (arms)
Bunker E15 (head)	Concealed Void (chest)
Perdition (legs)	Bunker E15 (head)
Exodus Garden 2A (arms)	Perdition (legs)
Veles Labyrinth (chest)	Exodus Garden 2A (arms)
Concealed Void (head)	Veles Labyrinth (chest)
Bunker E15 (legs)	Concealed Void (head)
Perdition (arms)	Bunker E15 (legs)
Exodus Garden 2A (chest)	Perdition (arms)
Veles Labyrinth (head)	Exodus Garden 2A (chest)
Concealed Void (legs)	Veles Labyrinth (head)
Bunker E15 (arms)	Concealed Void (legs)
Perdition (chest)	Bunker E15 (arms)
Exodus Garden 2A (head)	Perdition (chest)
Veles Labyrinth (legs)	Exodus Garden 2A (head)
Concealed Void (arms)	Veles Labyrinth (legs)
Bunker E15 (chest)	Concealed Void (arms)
Perdition (head)	Bunker E15 (chest)
Exodus Garden 2A (legs)	Perdition (head)
Veles Labyrinth (arms)	Exodus Garden 2A (legs)
Concealed Void (chest)	Veles Labyrinth (arms)
Bunker E15 (head)	Concealed Void (chest)
Perdition (legs)	Bunker E15 (head)
Exodus Garden 2A (arms)	Perdition (legs)
Veles Labyrinth (chest)	Exodus Garden 2A (arms)
Concealed Void (head)	Veles Labyrinth (chest)
Bunker E15 (legs)	Concealed Void (head)
Perdition (arms)	Bunker E15 (legs)
Exodus Garden 2A (chest)	Perdition (arms)
Veles Labyrinth (head)	Exodus Garden 2A (chest)
Concealed Void (legs)	Veles Labyrinth (head)
Bunker E15 (arms)	Concealed Void (legs)
Perdition (chest)	Bunker E15 (arms)
Exodus Garden 2A (head)	Perdition (chest)
Veles Labyrinth (legs)	Exodus Garden 2A (head)
Concealed Void (arms)	Veles Labyrinth (legs)
Bunker E15 (chest)	Concealed Void (arms)
Perdition (head)	Bunker E15 (chest)
Exodus Garden 2A (legs)	Perdition (head)
Veles Labyrinth (arms)	Exodus Garden 2A (legs)
Concealed Void (chest)	Veles Labyrinth (arms)
Bunker E15 (pending...)	Concealed Void (pending...)
Perdition (legs)	Bunker E15 (head)
Exodus Garden 2A (arms)	Perdition (legs)
Veles Labyrinth (chest)	Exodus Garden 2A (arms)
Concealed Void (head)	Veles Labyrinth (chest)
Bunker E15 (legs)	Concealed Void (head)
Perdition (arms)	Bunker E15 (legs)
Exodus Garden 2A (chest)	Perdition (arms)
Veles Labyrinth (head)	Exodus Garden 2A (chest)
Concealed Void (legs)	Veles Labyrinth (head)
Bunker E15 (arms)	Concealed Void (legs)
Perdition (chest)	Bunker E15 (arms)
Exodus Garden 2A (head)	Perdition (chest)
Veles Labyrinth (legs)	Exodus Garden 2A (head)
Concealed Void (arms)	Veles Labyrinth (legs)
Bunker E15 (chest)	Concealed Void (arms)
Perdition (head)	Bunker E15 (chest)
Exodus Garden 2A (legs)	Perdition (head)
Veles Labyrinth (arms)	Exodus Garden 2A (legs)
Concealed Void (chest)	Veles Labyrinth (arms)
Bunker E15 (pending...)	Concealed Void (pending...)
Perdition (legs)	Bunker E15 (head)
Exodus Garden 2A (arms)	Perdition (legs)